/synbio/saccharomyces-cerevisiae/index.{html} /synbio/saccharomyces-cerevisiae/
/synbio/synbio/index.{html} /synbio/synbio/
/code/hugo/index.{html} /code/hugo/
/music/music/index.{html} /music/music/
/recipes/tuscan-vegetable-soup/index.{html} /recipes/tuscan-vegetable-soup/
/synbio/central-dogma/index.{html} /synbio/central-dogma/
/synbio/moclo-yeast-toolkit/index.{html} /synbio/moclo-yeast-toolkit/
/synbio/operon-model/index.{html} /synbio/operon-model/
/system/digital-gardens/index.{html} /system/digital-gardens/
/system/read-it-now-or-never/index.{html} /system/read-it-now-or-never/
/index.html /
/code/naming-style-guide/index.{html} /code/naming-style-guide/
/games/liars-dice/index.{html} /games/liars-dice/
/music/backwards-practice/index.{html} /music/backwards-practice/
/music/shifting-exercises/index.{html} /music/shifting-exercises/
/synbio/yeast-vectors/index.{html} /synbio/yeast-vectors/
/system/all-first-drafts-are-perfect/index.{html} /system/all-first-drafts-are-perfect/
/collections/inspiration-list/index.{html} /collections/inspiration-list/
/miscellaneous/xeno-series/index.{html} /miscellaneous/xeno-series/
/music/slow-fast-practice/index.{html} /music/slow-fast-practice/
/synbio/bistable-switch-operon/index.{html} /synbio/bistable-switch-operon/
/synbio/protein-domain-shuffling/index.{html} /synbio/protein-domain-shuffling/
